Date,Asian Open,Asian High,Asian Low,Asian Close,Asian Adj Close,Asian Volume,Dmart Open,Dmart High,Dmart Low,Dmart Close,Dmart Adj Close,Dmart Volume,,,,,,,,,,,Dropdown,,,Date,Dmart Volume,Asian Volume
06-09-2021,3342,3347.699951,3305.899902,3315.550049,3292.664551,664394,3959.899902,3960,3902.199951,3921.300049,3921.300049,227165,,,,,,,,,,1,Dmart Volume,,,06-09-2021,227165,664394
07-09-2021,3333.5,3394.600098,3323.850098,3336.25,3313.221924,1285818,3938,3963.699951,3875.100098,3937.550049,3937.550049,357260,,,,,,,,,,2,Asian Volume,,,07-09-2021,357260,1285818
08-09-2021,3345,3361.550049,3297,3336.600098,3313.569336,702598,3945,3977,3921.100098,3932.949951,3932.949951,462531,,,,,,,,,,,,,,08-09-2021,462531,702598
09-09-2021,3305,3359,3305,3346.350098,3323.252197,591745,3934,3964,3908,3950.5,3950.5,154864,,,,,,,,,,Stock,Dmart,,,09-09-2021,154864,591745
13-09-2021,3346.600098,3374,3330.350098,3367.050049,3343.809326,610920,3951,3986.149902,3948.100098,3961.850098,3961.850098,145925,,,,,,,,,,,,,,13-09-2021,145925,610920
14-09-2021,3384.899902,3388.600098,3356.850098,3362.5,3339.290771,569412,3970,4000,3964.899902,3979.699951,3979.699951,203689,,,,,,,,,,,,,,14-09-2021,203689,569412
15-09-2021,3361.850098,3383.949951,3346.949951,3352.300049,3329.161133,587855,3979.899902,3992.199951,3961,3982.600098,3982.600098,339798,,,,,,,,,,,,,,15-09-2021,339798,587855
16-09-2021,3350,3371,3335,3342.100098,3319.031494,516746,3982.600098,4100,3981.050049,4084.5,4084.5,486429,,,,,,,,,,,,,,16-09-2021,486429,516746
17-09-2021,3352,3382,3285.050049,3303.050049,3280.250977,1545695,4124,4294.649902,4120,4239.649902,4239.649902,767511,,,,,,,,,,,,,,17-09-2021,767511,1545695
20-09-2021,3299.949951,3315,3265,3271.550049,3248.968506,689288,4208,4430,4151,4355.899902,4355.899902,438432,,,,,,,,,,,,,,20-09-2021,438432,689288
21-09-2021,3271.550049,3335,3271,3309.199951,3286.358398,922057,4415.100098,4450,4305.049805,4361.950195,4361.950195,437837,,,,,,,,,,,,,,21-09-2021,437837,922057
22-09-2021,3328.5,3329.949951,3288.25,3317.5,3294.601318,825945,4373,4420,4331.200195,4378.649902,4378.649902,243996,,,,,,,,,,,,,,22-09-2021,243996,825945
23-09-2021,3340,3340,3315,3320.649902,3297.729492,694716,4408.950195,4500,4372.350098,4409.899902,4409.899902,325049,,,,,,,,,,,,,,23-09-2021,325049,694716
24-09-2021,3330,3505,3320.850098,3448.600098,3424.796387,2775975,4440,4461,4405,4422.350098,4422.350098,198742,,,,,,,,,,,,,,24-09-2021,198742,2775975
27-09-2021,3461.600098,3470,3417.649902,3430.649902,3406.969971,902449,4435,4448.950195,4292.5,4385.75,4385.75,555192,,,,,,,,,,,,,,27-09-2021,555192,902449
28-09-2021,3424.899902,3429.699951,3350,3379.699951,3356.371826,961271,4397,4421.899902,4294.950195,4315.75,4315.75,305671,,,,,,,,,,,,,,28-09-2021,305671,961271
29-09-2021,3365,3381.699951,3310,3323.050049,3300.112793,973387,4316,4395.950195,4202,4251.200195,4251.200195,377254,,Analysis Value,,,,,,,,,,,,29-09-2021,377254,973387
30-09-2021,3329.899902,3347.699951,3220,3244.649902,3222.253906,2077896,4259.75,4310,4205.25,4250.200195,4250.200195,339960,,Open,4599,,,,,,,,,,,30-09-2021,339960,2077896
01-10-2021,3248,3252.949951,3170,3177.850098,3155.915283,1512332,4250,4284.200195,4220.100098,4235.600098,4235.600098,203932,,High,4603.950195,,,,,,,,,,,01-10-2021,203932,1512332
04-10-2021,3202.800049,3230.5,3178,3201.600098,3179.501465,921241,4393.950195,4464.350098,4232.200195,4257.350098,4257.350098,906261,,Low,4531,,,,,,,,,,,04-10-2021,906261,921241
05-10-2021,3208.550049,3260,3191.649902,3254.75,3232.28418,909337,4284,4284,4246.850098,4257.299805,4257.299805,242566,,52-wk high,5900,,,,,,,,,,,05-10-2021,242566,909337
06-10-2021,3262,3280,3200.649902,3212.25,3190.077637,786378,4292.149902,4295,4205,4218.549805,4218.549805,301394,,52-wk low,3186,,,,,,,,,,,06-10-2021,301394,786378
07-10-2021,3220,3318,3220,3290.850098,3268.135254,1177283,4254.950195,4337,4251,4311.700195,4311.700195,570321,,,,,,,,,,,,,,07-10-2021,570321,1177283
08-10-2021,3307,3329,3264.100098,3306.899902,3284.074219,882436,4326.399902,4421.950195,4299.049805,4407.950195,4407.950195,314758,,,,,,,,,,,,,,08-10-2021,314758,882436
11-10-2021,3326.399902,3344.350098,3297.75,3306.050049,3283.230225,460197,4438,4840,4407,4719.450195,4719.450195,1017160,,,,,,,,,,,,,,11-10-2021,1017160,460197
12-10-2021,3280,3335,3280,3323.25,3300.311523,564524,4780,4895,4718.850098,4739,4739,817027,,,,,,,,,,,,,,12-10-2021,817027,564524
13-10-2021,3343,3358.899902,3291.399902,3323.5,3300.559814,770144,4777,5595,4760.25,5117.149902,5117.149902,2593684,,,,,,,,,,,,,,13-10-2021,2593684,770144
14-10-2021,3342,3352.949951,3290,3297.800049,3275.037109,648597,5194,5420,5180.049805,5323.75,5323.75,1187904,,,,,,,,,,,,,,14-10-2021,1187904,648597
18-10-2021,3252.5,3283.949951,3232,3241.5,3219.125732,1576121,5599,5900,4851.100098,4897.799805,4897.799805,4748382,,,,,,,,,,,,,,18-10-2021,4748382,1576121
19-10-2021,3260.899902,3269.100098,3176.100098,3183.75,3161.774414,1042069,5000,5100,4725,4754.549805,4754.549805,1804742,,,,,,,,,,,,,,19-10-2021,1804742,1042069
20-10-2021,3190,3219.949951,3136.649902,3169.600098,3147.722168,1205540,4789,4860,4470.25,4596.399902,4596.399902,1677557,,,,,,,,,,,,,,20-10-2021,1677557,1205540
21-10-2021,3194,3195.449951,2920.449951,3002,2981.278809,5103543,4650,4699.5,4500,4521.25,4521.25,1028678,,,,,,,,,,,,,,21-10-2021,1028678,5103543
22-10-2021,2975,3002.949951,2912.149902,2982.399902,2961.813965,2855592,4559,4560,4482,4521.450195,4521.450195,739603,,,,,,,,,,,,,,22-10-2021,739603,2855592
25-10-2021,2950,2950,2857.25,2918.050049,2897.908447,2161537,4534.299805,4550,4351,4400.600098,4400.600098,591416,,,,,,,,,,,,,,25-10-2021,591416,2161537
26-10-2021,2918.050049,3024,2898,2969.800049,2949.30127,1988263,4419,4599,4365,4568.5,4568.5,637834,,,,,,,,,,,,,,26-10-2021,637834,1988263
27-10-2021,3029.199951,3145,3029.199951,3094.649902,3073.289307,4609951,4600,4770,4591.549805,4733,4733,762605,,,,,,,,,,,,,,27-10-2021,762605,4609951
28-10-2021,3103,3147.600098,3062,3116.300049,3098.44458,1791065,4748,4776.850098,4620,4675.649902,4675.649902,375073,,,,,,,,,,,,,,28-10-2021,375073,1791065
29-10-2021,3125,3144.699951,3083.300049,3100.100098,3082.337402,1118903,4669,4725,4561.149902,4635.450195,4635.450195,437818,,,,,,,,,,,,,,29-10-2021,437818,1118903
01-11-2021,3128,3142.25,3091.649902,3121.800049,3103.912842,750393,4670,4708,4550,4564.75,4564.75,392446,,,,,,,,,,,,,,01-11-2021,392446,750393
02-11-2021,3120,3139.800049,3080,3103.350098,3085.568604,881916,4596.700195,4666.799805,4580,4597.049805,4597.049805,304774,,,,,,,,,,,,,,02-11-2021,304774,881916
03-11-2021,3102.100098,3182.899902,3095,3170.649902,3152.48291,879227,4644,4790,4600,4741.299805,4741.299805,462222,,,,,,,,,,,,,,03-11-2021,462222,879227
04-11-2021,3179,3190,3145,3159.25,3141.148438,263595,4780,4824.799805,4760.049805,4783.700195,4783.700195,136777,,,,,,,,,,,,,,04-11-2021,136777,263595
08-11-2021,3165,3181,3095.149902,3138,3120.02002,787824,4783,4867.299805,4720,4748.5,4748.5,340161,,,,,,,,,,,,,,08-11-2021,340161,787824
09-11-2021,3140,3155,3120,3145.149902,3127.128906,668840,4748,4774.299805,4723.700195,4757.149902,4757.149902,180363,,,,,,,,,,,,,,09-11-2021,180363,668840
10-11-2021,3132,3136.649902,3080.5,3108.300049,3090.490234,872975,4745,5000,4726,4960.299805,4960.299805,1128493,,,,,,,,,,,,,,10-11-2021,1128493,872975
11-11-2021,3090,3106.649902,3052,3063.5,3045.947021,958143,4960.299805,5040,4901.149902,4997.75,4997.75,735028,,,,,,,,,,,,,,11-11-2021,735028,958143
12-11-2021,3089,3128,3075.800049,3122.899902,3105.006592,682344,5044.950195,5097.649902,5026.950195,5078.549805,5078.549805,487061,,,,,,,,,,,,,,12-11-2021,487061,682344
15-11-2021,3126,3180,3126,3168.699951,3150.544189,696377,5075,5075,4980,5023.299805,5023.299805,324397,,,,,,,,,,,,,,15-11-2021,324397,696377
16-11-2021,3165,3209,3120.100098,3151.699951,3133.641602,1400107,5025,5100,4982,5081.5,5081.5,538836,,,,,,,,,,,,,,16-11-2021,538836,1400107
17-11-2021,3170,3239.899902,3165.050049,3230.25,3211.741455,1616452,5080,5180,5079.75,5126.399902,5126.399902,447914,,,,,,,,,,,,,,17-11-2021,447914,1616452
18-11-2021,3249.850098,3260,3214,3226.850098,3208.361084,1609821,5130,5180,5037,5080.899902,5080.899902,428372,,,,,,,,,,,,,,18-11-2021,428372,1609821
22-11-2021,3241,3308.350098,3215.050049,3261.25,3242.563965,2146970,5100,5100,4782,4828.299805,4828.299805,650655,,,,,,,,,,,,,,22-11-2021,650655,2146970
23-11-2021,3261.25,3288.300049,3171.550049,3185.550049,3167.297607,1482618,4829,4920,4758.149902,4843.299805,4843.299805,580934,,,,,,,,,,,,,,23-11-2021,580934,1482618
24-11-2021,3186.050049,3208.899902,3150,3157,3138.911133,1056213,4876,4958.950195,4850.049805,4882.600098,4882.600098,483901,,,,,,,,,,,,,,24-11-2021,483901,1056213
25-11-2021,3156.5,3173.350098,3113,3144.25,3126.234375,728825,4930,4930,4854.649902,4894.5,4894.5,364378,,,,,,,,,,,,,,25-11-2021,364378,728825
26-11-2021,3101,3167.350098,3091,3143.100098,3125.091064,1029110,4860,4860,4700.100098,4718.75,4718.75,518551,,,,,,,,,,,,,,26-11-2021,518551,1029110
29-11-2021,3131,3178.899902,3071.899902,3144.300049,3126.283936,876651,4687,4721,4455,4673.350098,4673.350098,609710,,,,,,,,,,,,,,29-11-2021,609710,876651
30-11-2021,3116.149902,3189,3116.149902,3143.649902,3125.637695,2340489,4673.399902,4800,4661,4710.899902,4710.899902,790479,,,,,,,,,,,,,,30-11-2021,790479,2340489
01-12-2021,3155.899902,3199.75,3124.100098,3138.149902,3120.169189,1741820,4750,4848,4666,4693.700195,4693.700195,374830,,,,,,,,,,,,,,01-12-2021,374830,1741820
02-12-2021,3160,3194,3152.25,3180.600098,3162.376221,939320,4750,4794.549805,4718.450195,4782.950195,4782.950195,351343,,,,,,,,,,,,,,02-12-2021,351343,939320
03-12-2021,3185,3187.449951,3106,3110.449951,3092.62793,1216263,4799,4850,4775,4799.049805,4799.049805,287731,,,,,,,,,,,,,,03-12-2021,287731,1216263
06-12-2021,3115,3115,3028.25,3038.300049,3020.891357,1107363,4820,4821.950195,4580,4593.450195,4593.450195,466595,,,,,,,,,,,,,,06-12-2021,466595,1107363
07-12-2021,3040,3069,3016.449951,3030.350098,3012.987061,2056459,4674.700195,4719,4611,4660.649902,4660.649902,435517,,,,,,,,,,,,,,07-12-2021,435517,2056459
08-12-2021,3031.899902,3123,3031,3108.5,3090.689209,1171484,4708.200195,4842,4708.200195,4814.600098,4814.600098,763280,,,,,,,,,,,,,,08-12-2021,763280,1171484
09-12-2021,3152.399902,3183.050049,3111,3178.699951,3160.486816,1287243,4822,4878.399902,4777,4821.200195,4821.200195,316687,,,,,,,,,,,,,,09-12-2021,316687,1287243
10-12-2021,3184,3292,3178.699951,3283.149902,3264.338379,2554394,4798,4809.700195,4775.5,4796.600098,4796.600098,173574,,,,,,,,,,,,,,10-12-2021,173574,2554394
13-12-2021,3285.100098,3341,3270.949951,3279.850098,3261.057373,1265832,4830,4870,4750,4765.799805,4765.799805,283323,,,,,,,,,,,,,,13-12-2021,283323,1265832
14-12-2021,3274,3305,3249,3297.5,3278.606201,863179,4764.75,4840,4714.100098,4814.399902,4814.399902,352396,,,,,,,,,,,,,,14-12-2021,352396,863179
15-12-2021,3278.149902,3313.949951,3266.5,3301.949951,3283.030762,811946,4799.899902,4814.25,4740,4749.450195,4749.450195,410084,,,,,,,,,,,,,,15-12-2021,410084,811946
16-12-2021,3325,3325,3270.600098,3298.600098,3279.699951,502930,4801,4815.149902,4726.149902,4742.100098,4742.100098,243570,,,,,,,,,,,,,,16-12-2021,243570,502930
17-12-2021,3275,3293.300049,3227.699951,3243.699951,3225.114502,1019403,4771,4791.25,4672.149902,4697.799805,4697.799805,454824,,,,,,,,,,,,,,17-12-2021,454824,1019403
20-12-2021,3227,3275,3181,3239.449951,3220.888672,948872,4669,4690,4552.25,4618.950195,4618.950195,310441,,,,,,,,,,,,,,20-12-2021,310441,948872
21-12-2021,3247,3296,3240,3271.350098,3252.606201,712026,4612.5,4677,4571.049805,4587.399902,4587.399902,312536,,,,,,,,,,,,,,21-12-2021,312536,712026
22-12-2021,3275.699951,3285.649902,3241,3280.100098,3261.305908,619865,4627.950195,4695.5,4587.399902,4655.850098,4655.850098,338380,,,,,,,,,,,,,,22-12-2021,338380,619865
23-12-2021,3290,3307.899902,3250,3267.899902,3249.175781,1051596,4711.25,4711.25,4631.399902,4647.899902,4647.899902,204211,,,,,,,,,,,,,,23-12-2021,204211,1051596
24-12-2021,3280,3300,3261,3284.800049,3265.979004,651404,4674,4674,4615,4628.899902,4628.899902,122078,,,,,,,,,,,,,,24-12-2021,122078,651404
27-12-2021,3280.100098,3284.75,3226.199951,3272.399902,3253.649902,640701,4599,4680,4555.25,4668.649902,4668.649902,294366,,,,,,,,,,,,,,27-12-2021,294366,640701
28-12-2021,3275.949951,3375,3273,3368.199951,3348.901123,1211648,4680,4760.950195,4645,4721.950195,4721.950195,320963,,,,,,,,,,,,,,28-12-2021,320963,1211648
29-12-2021,3372.199951,3386,3346.199951,3367.449951,3348.155273,598421,4739,4748.700195,4675,4683.950195,4683.950195,176720,,,,,,,,,,,,,,29-12-2021,176720,598421
30-12-2021,3363.25,3390,3350.300049,3365.699951,3346.415283,691223,4677.5,4699,4625,4639.350098,4639.350098,195753,,,,,,,,,,,,,,30-12-2021,195753,691223
31-12-2021,3390,3405,3361.399902,3382.949951,3363.56665,570671,4641,4692.75,4636,4671.450195,4671.450195,172788,,,,,,,,,,,,,,31-12-2021,172788,570671
03-01-2022,3383,3440.899902,3383,3422.399902,3402.790527,696276,4770,4799,4701.200195,4711.5,4711.5,534384,,,,,,,,,,,,,,03-01-2022,534384,696276
04-01-2022,3434,3472.449951,3415.050049,3459.300049,3439.479248,790886,4758.899902,4758.899902,4685,4726.950195,4726.950195,242287,,,,,,,,,,,,,,04-01-2022,242287,790886
05-01-2022,3470,3540,3452.050049,3526.800049,3506.592529,1024506,4725,4725,4646,4687.399902,4687.399902,287948,,,,,,,,,,,,,,05-01-2022,287948,1024506
06-01-2022,3491.149902,3537.550049,3452.149902,3514.649902,3494.511963,1312743,4669.100098,4716,4642.649902,4705.649902,4705.649902,361505,,,,,,,,,,,,,,06-01-2022,361505,1312743
07-01-2022,3514.649902,3582,3496.550049,3576.300049,3555.808838,964364,4715,4748,4696.149902,4731.350098,4731.350098,301517,,,,,,,,,,,,,,07-01-2022,301517,964364
10-01-2022,3580,3590,3527,3553.5,3533.139404,657511,4784.899902,4784.899902,4620,4633.549805,4633.549805,1037618,,,,,,,,,,,,,,10-01-2022,1037618,657511
11-01-2022,3550.600098,3564,3495.050049,3538.75,3518.473877,734344,4649,4654.899902,4499,4504.899902,4504.899902,791417,,,,,,,,,,,,,,11-01-2022,791417,734344
12-01-2022,3556.899902,3582.449951,3534,3543.800049,3523.495117,594543,4500,4500,4165.299805,4276.100098,4276.100098,2521043,,,,,,,,,,,,,,12-01-2022,2521043,594543
13-01-2022,3560,3560,3450,3456.25,3436.446533,1153984,4276,4354.450195,4221.600098,4254.600098,4254.600098,1090010,,,,,,,,,,,,,,13-01-2022,1090010,1153984
14-01-2022,3462,3462,3346,3364.399902,3345.122803,1558978,4266,4344.450195,4256.149902,4322.700195,4322.700195,896929,,,,,,,,,,,,,,14-01-2022,896929,1558978
17-01-2022,3364.399902,3399,3321,3378.649902,3359.291016,1103159,4365,4414,4290.450195,4400.5,4400.5,870335,,,,,,,,,,,,,,17-01-2022,870335,1103159
18-01-2022,3379.050049,3396.449951,3351,3373.699951,3354.369629,558543,4425,4500,4381,4441.149902,4441.149902,940894,,,,,,,,,,,,,,18-01-2022,940894,558543
19-01-2022,3370,3370,3267.75,3280.399902,3261.604004,1495218,4459,4505,4365,4483.399902,4483.399902,579886,,,,,,,,,,,,,,19-01-2022,579886,1495218
20-01-2022,3282,3364.899902,3222,3306.399902,3287.455078,3075678,4517,4517,4462.350098,4483.549805,4483.549805,350124,,,,,,,,,,,,,,20-01-2022,350124,3075678
21-01-2022,3300.050049,3324.949951,3241.75,3274.850098,3256.086182,1441694,4410,4435.450195,4281,4299.799805,4299.799805,606584,,,,,,,,,,,,,,21-01-2022,606584,1441694
24-01-2022,3268,3270,3135,3155.149902,3137.071777,1575665,4300,4316.899902,3978,4035.300049,4035.300049,1126974,,,,,,,,,,,,,,24-01-2022,1126974,1575665
25-01-2022,3100,3156.949951,3010.75,3147.100098,3129.068115,2699779,4025,4120,3881.25,4095.449951,4095.449951,810518,,,,,,,,,,,,,,25-01-2022,810518,2699779
27-01-2022,3140.100098,3143,3071.25,3116.949951,3099.090576,1834684,4040,4144.100098,3994.949951,4063.300049,4063.300049,675652,,,,,,,,,,,,,,27-01-2022,675652,1834684
28-01-2022,3130,3170,3103,3110.850098,3093.025635,892060,4130,4150.899902,4046,4076,4076,582484,,,,,,,,,,,,,,28-01-2022,582484,892060
31-01-2022,3140,3193.449951,3136.399902,3152.25,3134.188477,944530,4140,4171,4092,4114.350098,4114.350098,478099,,,,,,,,,,,,,,31-01-2022,478099,944530
01-02-2022,3194,3212.350098,3141.600098,3196.25,3177.936279,1008915,4133.200195,4278,4092,4225.600098,4225.600098,321735,,,,,,,,,,,,,,01-02-2022,321735,1008915
02-02-2022,3204.800049,3244.149902,3192.149902,3197.699951,3179.37793,667265,4274.299805,4275,4211,4236.649902,4236.649902,249200,,,,,,,,,,,,,,02-02-2022,249200,667265
03-02-2022,3212.850098,3241.600098,3190.199951,3203,3184.647705,899753,4231.049805,4235,4122.350098,4140,4140,337719,,,,,,,,,,,,,,03-02-2022,337719,899753
04-02-2022,3188,3248.800049,3176.050049,3236.649902,3218.104736,705765,4140,4140.200195,4075,4081.899902,4081.899902,299981,,,,,,,,,,,,,,04-02-2022,299981,705765
07-02-2022,3234,3251.199951,3143.100098,3174.699951,3156.509766,860393,4090,4146.799805,4045.199951,4073.550049,4073.550049,288091,,,,,,,,,,,,,,07-02-2022,288091,860393
08-02-2022,3179,3223.5,3166.199951,3216.350098,3197.921143,799206,4098.899902,4128.950195,3995,4015,4015,456874,,,,,,,,,,,,,,08-02-2022,456874,799206
09-02-2022,3230,3259,3222.75,3228.350098,3209.852539,472725,4078.699951,4078.699951,3983,4002.100098,4002.100098,380364,,,,,,,,,,,,,,09-02-2022,380364,472725
10-02-2022,3220,3248,3176,3238.75,3220.192871,728666,4034.100098,4182,4001,4162.700195,4162.700195,699250,,,,,,,,,,,,,,10-02-2022,699250,728666
11-02-2022,3229.949951,3229.949951,3182.5,3216.300049,3197.871582,587840,4138,4157,4080.100098,4142.25,4142.25,336884,,,,,,,,,,,,,,11-02-2022,336884,587840
14-02-2022,3140,3182.699951,3120,3143.449951,3125.438721,681236,4015,4125,3958.050049,3979.75,3979.75,466101,,,,,,,,,,,,,,14-02-2022,466101,681236
15-02-2022,3140,3270,3132.850098,3264.600098,3245.894775,676844,4015,4128.899902,3980,4081.75,4081.75,377212,,,,,,,,,,,,,,15-02-2022,377212,676844
16-02-2022,3280,3285.100098,3223,3252.850098,3234.212158,624320,4139.899902,4155,4035,4051.149902,4051.149902,313236,,,,,,,,,,,,,,16-02-2022,313236,624320
17-02-2022,3273,3294.949951,3236.399902,3265.850098,3247.137695,636735,4095.600098,4152,4080,4115.399902,4115.399902,357259,,,,,,,,,,,,,,17-02-2022,357259,636735
18-02-2022,3236.149902,3272,3230.050049,3258.449951,3239.779785,423801,4098,4121,4056.050049,4073.100098,4073.100098,169496,,,,,,,,,,,,,,18-02-2022,169496,423801
21-02-2022,3235,3278.449951,3204.149902,3251.649902,3233.018799,547472,4048,4170,3990,4096.600098,4096.600098,480541,,,,,,,,,,,,,,21-02-2022,480541,547472
22-02-2022,3120,3236.800049,3120,3227.149902,3208.65918,1147209,4001,4179,3990,4157.100098,4157.100098,484781,,,,,,,,,,,,,,22-02-2022,484781,1147209
23-02-2022,3236.899902,3296.899902,3230,3237.199951,3218.651611,935896,4165,4217.700195,4135,4193.450195,4193.450195,360454,,,,,,,,,,,,,,23-02-2022,360454,935896
24-02-2022,3130,3197.800049,3051.5,3069.050049,3051.465088,1823450,3993.850098,4131.950195,3947.850098,4014.649902,4014.649902,552288,,,,,,,,,,,,,,24-02-2022,552288,1823450
25-02-2022,3105,3141.449951,3083.050049,3119.199951,3101.327881,1239456,4080,4210,4037.649902,4190.75,4190.75,425226,,,,,,,,,,,,,,25-02-2022,425226,1239456
28-02-2022,3090,3190.5,3015,3174.649902,3156.459961,1678348,4155,4355,4062.100098,4340.350098,4340.350098,647569,,,,,,,,,,,,,,28-02-2022,647569,1678348
02-03-2022,3107,3111.199951,2991.100098,3028.949951,3011.594971,3014206,4299.950195,4446.950195,4270,4295.149902,4295.149902,479507,,,,,,,,,,,,,,02-03-2022,479507,3014206
03-03-2022,3029,3051,2862,2871.899902,2855.44458,4406840,4370,4395,4253.899902,4276.5,4276.5,303425,,,,,,,,,,,,,,03-03-2022,303425,4406840
04-03-2022,2863.800049,2863.800049,2662.050049,2738.149902,2722.460938,6979253,4260.200195,4260.200195,4075.050049,4110.200195,4110.200195,437691,,,,,,,,,,,,,,04-03-2022,437691,6979253
07-03-2022,2649.899902,2727.949951,2599.350098,2708.449951,2692.931152,3233760,4001,4175,3970.800049,3991.649902,3991.649902,694633,,,,,,,,,,,,,,07-03-2022,694633,3233760
08-03-2022,2690,2736.949951,2638,2723.399902,2707.795654,2611102,4016,4160,3992.399902,4124,4124,713004,,,,,,,,,,,,,,08-03-2022,713004,2611102
09-03-2022,2750,2890,2665.050049,2874.949951,2858.477295,4076068,4155,4172.899902,4071.100098,4096.700195,4096.700195,395071,,,,,,,,,,,,,,09-03-2022,395071,4076068
10-03-2022,3000,3040,2891.199951,2912.800049,2896.110596,3971987,4210,4239.899902,4142.299805,4168.600098,4168.600098,439778,,,,,,,,,,,,,,10-03-2022,439778,3971987
11-03-2022,2917,2939.949951,2882.350098,2932,2915.200439,1265493,4167,4210,4109.25,4198.950195,4198.950195,387534,,,,,,,,,,,,,,11-03-2022,387534,1265493
14-03-2022,2950,2972.350098,2917.300049,2962.800049,2945.823975,1214217,4190,4218,4150,4168.25,4168.25,305326,,,,,,,,,,,,,,14-03-2022,305326,1214217
15-03-2022,2998,3032,2966,2987.149902,2970.034424,1857685,4191,4251,4171.75,4231.049805,4231.049805,560819,,,,,,,,,,,,,,15-03-2022,560819,1857685
16-03-2022,3043,3050,3010.75,3042,3024.570068,1287234,4229.75,4243.600098,4153,4169.549805,4169.549805,470355,,,,,,,,,,,,,,16-03-2022,470355,1287234
17-03-2022,3113.5,3163.300049,3076.5,3136.600098,3118.628174,2867519,4218,4239,4166.100098,4192.75,4192.75,608024,,,,,,,,,,,,,,17-03-2022,608024,2867519
21-03-2022,3117.300049,3117.300049,3030.100098,3045.75,3028.298584,1259015,4217,4217,4080.600098,4095.199951,4095.199951,370641,,,,,,,,,,,,,,21-03-2022,370641,1259015
22-03-2022,3024,3062.699951,2975,3051.149902,3033.667725,1515772,4129,4129,4031,4054,4054,396898,,,,,,,,,,,,,,22-03-2022,396898,1515772
23-03-2022,3060,3079.899902,3005,3016.800049,2999.514648,948403,4085.699951,4119,4064.600098,4091.350098,4091.350098,285639,,,,,,,,,,,,,,23-03-2022,285639,948403
24-03-2022,2969.5,3038.949951,2950.550049,3025.350098,3008.015625,1243917,4086.25,4086.25,4031.550049,4042.850098,4042.850098,374573,,,,,,,,,,,,,,24-03-2022,374573,1243917
25-03-2022,3025.350098,3064.550049,2991,3046.949951,3029.491699,1083275,4069,4069,3995,4001.300049,4001.300049,440558,,,,,,,,,,,,,,25-03-2022,440558,1083275
28-03-2022,3046.949951,3058.600098,2995.649902,3027.449951,3010.103516,680332,4005.149902,4021,3975.050049,4010.050049,4010.050049,428027,,,,,,,,,,,,,,28-03-2022,428027,680332
29-03-2022,3069,3087.699951,3012.699951,3042.600098,3025.166748,1120936,4010.050049,4037.800049,3985,4006.100098,4006.100098,397614,,,,,,,,,,,,,,29-03-2022,397614,1120936
30-03-2022,3078,3094.350098,3055.899902,3081.550049,3063.893555,849545,4025,4084,3945,3973.399902,3973.399902,580732,,,,,,,,,,,,,,30-03-2022,580732,849545
31-03-2022,3115,3129.25,3066.100098,3079.949951,3062.302734,1464862,4028,4040,3983.050049,4003.350098,4003.350098,492437,,,,,,,,,,,,,,31-03-2022,492437,1464862
01-04-2022,3110,3121,3087.649902,3114.149902,3096.306641,637392,4013,4093,4000,4082.199951,4082.199951,416596,,,,,,,,,,,,,,01-04-2022,416596,637392
04-04-2022,3124.949951,3143,3093.5,3118,3100.134766,873264,4120,4150,4076.149902,4106.649902,4106.649902,438581,,,,,,,,,,,,,,04-04-2022,438581,873264
05-04-2022,3110,3157,3080,3140.800049,3122.804199,805874,4138.75,4148,4100,4109.700195,4109.700195,277248,,,,,,,,,,,,,,05-04-2022,277248,805874
06-04-2022,3137,3165,3113,3154,3135.928467,736379,4090,4139.799805,4085.600098,4101.899902,4101.899902,218183,,,,,,,,,,,,,,06-04-2022,218183,736379
07-04-2022,3154,3208.949951,3145.5,3155,3136.922607,1025244,4099.899902,4244,4092,4159.700195,4159.700195,979784,,,,,,,,,,,,,,07-04-2022,979784,1025244
08-04-2022,3168,3220,3151.199951,3206.25,3187.87915,678898,4165,4208,4118,4146.25,4146.25,358035,,,,,,,,,,,,,,08-04-2022,358035,678898
11-04-2022,3184,3222,3150,3157.449951,3139.358643,672652,4136.799805,4200,4130.049805,4171.600098,4171.600098,202944,,,,,,,,,,,,,,11-04-2022,202944,672652
12-04-2022,3154.699951,3162.100098,3114.149902,3128.649902,3110.723633,794265,4174.950195,4174.950195,4075,4088.699951,4088.699951,228548,,,,,,,,,,,,,,12-04-2022,228548,794265
13-04-2022,3117.199951,3121.899902,3066.100098,3080.649902,3062.998535,1121350,4101,4117.950195,4081.699951,4090.899902,4090.899902,157516,,,,,,,,,,,,,,13-04-2022,157516,1121350
18-04-2022,3056,3058,3013,3021.550049,3004.237305,1032504,4065,4079,4009,4056,4056,193904,,,,,,,,,,,,,,18-04-2022,193904,1032504
19-04-2022,3030,3059.199951,2970,2991.199951,2974.061279,749782,4089.899902,4131.899902,3975,4008.899902,4008.899902,222195,,,,,,,,,,,,,,19-04-2022,222195,749782
20-04-2022,2991.300049,3089.5,2980,3083,3065.335205,838182,4026,4065,4000,4054.800049,4054.800049,222817,,,,,,,,,,,,,,20-04-2022,222817,838182
21-04-2022,3089.800049,3174.399902,3086.050049,3158.25,3140.154053,1069035,4075,4080,4015,4030.25,4030.25,209196,,,,,,,,,,,,,,21-04-2022,209196,1069035
22-04-2022,3121.5,3173.300049,3113.25,3164.399902,3146.268799,681191,4028.649902,4060.050049,3995.75,4028.850098,4028.850098,210640,,,,,,,,,,,,,,22-04-2022,210640,681191
25-04-2022,3134,3155.100098,3095.100098,3130.600098,3112.662598,1096774,4000,4022.350098,3975.050049,3989.199951,3989.199951,204726,,,,,,,,,,,,,,25-04-2022,204726,1096774
26-04-2022,3130,3148.699951,3105.800049,3125.649902,3107.740723,1703441,4009.800049,4050,3994.399902,4044.25,4044.25,198101,,,,,,,,,,,,,,26-04-2022,198101,1703441
27-04-2022,3096,3164,3085.949951,3148.350098,3130.310791,963536,4006.100098,4024.350098,3960,3977.699951,3977.699951,169916,,,,,,,,,,,,,,27-04-2022,169916,963536
28-04-2022,3190,3268,3170,3247.699951,3229.091553,2001838,4023.899902,4054,3995.550049,4024.550049,4024.550049,247751,,,,,,,,,,,,,,28-04-2022,247751,2001838
29-04-2022,3249,3278,3221.300049,3237.199951,3218.651611,1088970,4048.899902,4085,3906,3944.25,3944.25,238651,,,,,,,,,,,,,,29-04-2022,238651,1088970
02-05-2022,3195,3211.5,3154.050049,3200,3181.664795,595522,3939.600098,3997.800049,3889,3983.350098,3983.350098,265831,,,,,,,,,,,,,,02-05-2022,265831,595522
04-05-2022,3178,3194.699951,3081.449951,3100.850098,3083.083008,1120002,4000,4023.949951,3850.199951,3867.149902,3867.149902,270400,,,,,,,,,,,,,,04-05-2022,270400,1120002
05-05-2022,3104.75,3126.949951,3070,3076.550049,3058.922119,724601,3920,3980,3775,3943.800049,3943.800049,457770,,,,,,,,,,,,,,05-05-2022,457770,724601
06-05-2022,3020,3052.399902,3003.899902,3016.25,2998.967773,923941,3866,3889.649902,3602.149902,3666.199951,3666.199951,858787,,,,,,,,,,,,,,06-05-2022,858787,923941
09-05-2022,3000.850098,3038.800049,2975,3005.25,2988.030762,998324,3655,3655,3486,3520.300049,3520.300049,732787,,,,,,,,,,,,,,09-05-2022,732787,998324
10-05-2022,3051,3138.75,3036,3086.350098,3068.666016,2460016,3501,3545.25,3402.149902,3414.949951,3414.949951,696666,,,,,,,,,,,,,,10-05-2022,696666,2460016
11-05-2022,3090.399902,3109.550049,2979,3053.649902,3036.15332,1883969,3448,3448,3311.699951,3339.699951,3339.699951,689554,,,,,,,,,,,,,,11-05-2022,689554,1883969
12-05-2022,3042,3078,2988,3039.949951,3022.531738,1254245,3310,3334.949951,3241.25,3270.449951,3270.449951,725552,,,,,,,,,,,,,,12-05-2022,725552,1254245
13-05-2022,3074.399902,3116.25,3035.300049,3064,3046.444092,1121729,3351,3357.75,3205,3230.600098,3230.600098,546754,,,,,,,,,,,,,,13-05-2022,546754,1121729
16-05-2022,3089.899902,3089.899902,2985.199951,2999.899902,2982.711182,733044,3260,3620,3186,3561.100098,3561.100098,1871384,,,,,,,,,,,,,,16-05-2022,1871384,733044
17-05-2022,2998.899902,3056.600098,2951,3050,3032.524414,1179081,3620,3724,3473.449951,3657,3657,926148,,,,,,,,,,,,,,17-05-2022,926148,1179081
18-05-2022,3030,3128.800049,3026,3100.100098,3082.337402,1379763,3700,3781,3650,3664.050049,3664.050049,712472,,,,,,,,,,,,,,18-05-2022,712472,1379763
19-05-2022,3000.5,3071.699951,3000.449951,3046.899902,3029.441895,772390,3513,3649,3491.5,3614.850098,3614.850098,439658,,,,,,,,,,,,,,19-05-2022,439658,772390
20-05-2022,3080,3125,3070,3109.949951,3092.130859,778957,3708.899902,3717.199951,3610,3630.399902,3630.399902,334172,,,,,,,,,,,,,,20-05-2022,334172,778957
23-05-2022,3143.949951,3188,3130.050049,3174.199951,3156.012695,813294,3650,3694.5,3552.050049,3574.100098,3574.100098,258246,,,,,,,,,,,,,,23-05-2022,258246,813294
24-05-2022,3174.75,3183.649902,3070,3086.850098,3069.16333,691307,3579.949951,3685,3571.199951,3656.75,3656.75,391193,,,,,,,,,,,,,,24-05-2022,391193,691307
25-05-2022,3039,3039,2826.300049,2838.050049,2821.788818,3381427,3670,3694,3555.649902,3586.449951,3586.449951,224375,,,,,,,,,,,,,,25-05-2022,224375,3381427
26-05-2022,2850,2860,2718.550049,2840.149902,2823.876709,3212196,3586.449951,3635.699951,3465.300049,3577.449951,3577.449951,279250,,,,,,,,,,,,,,26-05-2022,279250,3212196
27-05-2022,2868,2869,2781,2834.850098,2818.607178,1879534,3605,3649,3586,3613.850098,3613.850098,199688,,,,,,,,,,,,,,27-05-2022,199688,1879534
30-05-2022,2880,2884,2817,2844,2827.70459,2525482,3660,3824.899902,3645,3796.399902,3796.399902,429986,,,,,,,,,,,,,,30-05-2022,429986,2525482
31-05-2022,2844,2878,2811,2859.649902,2843.264893,2408221,3807.75,4049,3767.899902,3972.800049,3972.800049,1335568,,,,,,,,,,,,,,31-05-2022,1335568,2408221
01-06-2022,2859.649902,2939.899902,2832.050049,2852.5,2836.156006,1770795,3960,4039,3812.550049,3874.050049,3874.050049,620365,,,,,,,,,,,,,,01-06-2022,620365,1770795
02-06-2022,2870.199951,2919,2848,2908.550049,2891.884766,1164197,3885,3927.550049,3831.100098,3856.899902,3856.899902,302036,,,,,,,,,,,,,,02-06-2022,302036,1164197
03-06-2022,2905,2919.449951,2856,2886.899902,2870.358643,1228489,3888,3888.399902,3768,3820.100098,3820.100098,349881,,,,,,,,,,,,,,03-06-2022,349881,1228489
06-06-2022,2871.100098,2872,2807.699951,2817.449951,2801.306641,1193698,3800,3800,3675,3734.75,3734.75,295307,,,,,,,,,,,,,,06-06-2022,295307,1193698
07-06-2022,2800,2804,2731,2744.699951,2728.973633,1403598,3704,3778.800049,3652.050049,3726.699951,3726.699951,301552,,,,,,,,,,,,,,07-06-2022,301552,1403598
08-06-2022,2771.899902,2775,2700,2705.199951,2689.699951,1743575,3765,3771,3700,3739.399902,3739.399902,250665,,,,,,,,,,,,,,08-06-2022,250665,1743575
09-06-2022,2680,2697.600098,2633.75,2686.800049,2686.800049,1857501,3729.899902,3850,3686.399902,3830.350098,3830.350098,445083,,,,,,,,,,,,,,09-06-2022,445083,1857501
10-06-2022,2665,2736,2652,2708.75,2708.75,1592920,3790,3838,3735.100098,3755.649902,3755.649902,235985,,,,,,,,,,,,,,10-06-2022,235985,1592920
13-06-2022,2669.949951,2683,2642.5,2660.75,2660.75,1674206,3700,3743.600098,3644.399902,3661.600098,3661.600098,252912,,,,,,,,,,,,,,13-06-2022,252912,1674206
14-06-2022,2617,2666.350098,2585,2635.399902,2635.399902,2296040,3628,3712.699951,3552.25,3648.300049,3648.300049,424143,,,,,,,,,,,,,,14-06-2022,424143,2296040
15-06-2022,2650,2683.600098,2627.100098,2661.149902,2661.149902,928842,3669.899902,3743.949951,3645.350098,3662.899902,3662.899902,274604,,,,,,,,,,,,,,15-06-2022,274604,928842
16-06-2022,2694.949951,2725.449951,2640,2657.449951,2657.449951,1280628,3736,3737.899902,3562,3682.600098,3682.600098,408563,,,,,,,,,,,,,,16-06-2022,408563,1280628
17-06-2022,2650.100098,2657,2560,2580.199951,2580.199951,2043251,3670,3673.850098,3413.699951,3460.550049,3460.550049,1104855,,,,,,,,,,,,,,17-06-2022,1104855,2043251
20-06-2022,2600,2673.350098,2588.350098,2660.699951,2660.699951,1595360,3493.449951,3536.699951,3460.550049,3479.100098,3479.100098,222230,,,,,,,,,,,,,,20-06-2022,222230,1595360
21-06-2022,2674.949951,2710,2640,2678.350098,2678.350098,1042074,3520,3545,3450,3519.550049,3519.550049,340688,,,,,,,,,,,,,,21-06-2022,340688,1042074
22-06-2022,2688,2707.949951,2626.350098,2666.350098,2666.350098,1871760,3524.449951,3524.449951,3466.050049,3486.350098,3486.350098,197297,,,,,,,,,,,,,,22-06-2022,197297,1871760
23-06-2022,2674.949951,2767.949951,2674.949951,2758.199951,2758.199951,1612872,3487.75,3502.649902,3401,3440.449951,3440.449951,355857,,,,,,,,,,,,,,23-06-2022,355857,1612872
24-06-2022,2775,2784.800049,2726,2760.899902,2760.899902,2215583,3489.949951,3489.949951,3390.100098,3412,3412,454591,,,,,,,,,,,,,,24-06-2022,454591,2215583
27-06-2022,2779.899902,2827.649902,2765,2820.949951,2820.949951,1295734,3460,3460,3400,3408.600098,3408.600098,276838,,,,,,,,,,,,,,27-06-2022,276838,1295734
28-06-2022,2780,2784.800049,2704.300049,2726.5,2726.5,1838358,3407.550049,3497,3374,3479.949951,3479.949951,440886,,,,,,,,,,,,,,28-06-2022,440886,1838358
29-06-2022,2706.5,2719,2678,2697.800049,2697.800049,1066354,3450.449951,3527,3425,3445.25,3445.25,405633,,,,,,,,,,,,,,29-06-2022,405633,1066354
30-06-2022,2714.850098,2726.949951,2680,2695.199951,2695.199951,1291447,3445.199951,3469,3370,3406.100098,3406.100098,384404,,,,,,,,,,,,,,30-06-2022,384404,1291447
01-07-2022,2704.899902,2780,2685,2773.149902,2773.149902,1477191,3394.449951,3406.649902,3331.100098,3388.75,3388.75,311228,,,,,,,,,,,,,,01-07-2022,311228,1477191
04-07-2022,2775.149902,2798,2744.800049,2790.300049,2790.300049,653147,3530,3555,3460,3495.5,3495.5,766616,,,,,,,,,,,,,,04-07-2022,766616,653147
05-07-2022,2785,2812.300049,2760,2766.600098,2766.600098,1073043,3506,3657.649902,3506,3639.050049,3639.050049,859254,,,,,,,,,,,,,,05-07-2022,859254,1073043
06-07-2022,2830.550049,2869,2805.149902,2861.399902,2861.399902,2085735,3650,3830,3650,3792,3792,751853,,,,,,,,,,,,,,06-07-2022,751853,2085735
07-07-2022,2901.399902,2932,2876.800049,2891.399902,2891.399902,1469087,3870,3935.600098,3830,3850.949951,3850.949951,463192,,,,,,,,,,,,,,07-07-2022,463192,1469087
08-07-2022,2880,2888,2840.5,2879.800049,2879.800049,1274148,3868.399902,3974,3851.100098,3941.699951,3941.699951,568785,,,,,,,,,,,,,,08-07-2022,568785,1274148
11-07-2022,2874,2940.550049,2851.350098,2933.050049,2933.050049,1081885,4000,4087.850098,3892,3986.850098,3986.850098,2331905,,,,,,,,,,,,,,11-07-2022,2331905,1081885
12-07-2022,2920,2923.25,2885.399902,2893.199951,2893.199951,1115524,3986.5,3986.850098,3855,3878.399902,3878.399902,569128,,,,,,,,,,,,,,12-07-2022,569128,1115524
13-07-2022,2949,2968.949951,2926.050049,2941.199951,2941.199951,2153712,3900,3944,3870,3883.350098,3883.350098,423704,,,,,,,,,,,,,,13-07-2022,423704,2153712
14-07-2022,2952.100098,2954.850098,2912.399902,2939.149902,2939.149902,882479,3913.899902,3944,3884,3924.850098,3924.850098,372526,,,,,,,,,,,,,,14-07-2022,372526,882479
15-07-2022,2949.949951,2985,2940.449951,2978.149902,2978.149902,1668006,3925,3939.899902,3888,3926.800049,3926.800049,194371,,,,,,,,,,,,,,15-07-2022,194371,1668006
18-07-2022,2994.75,3025,2988.399902,3017.850098,3017.850098,823390,3951,3968,3920,3945.75,3945.75,287481,,,,,,,,,,,,,,18-07-2022,287481,823390
19-07-2022,2983.449951,3023,2978.149902,3019.100098,3019.100098,638171,3911,3942,3911,3931.300049,3931.300049,169004,,,,,,,,,,,,,,19-07-2022,169004,638171
20-07-2022,3033,3044.699951,3000,3006.449951,3006.449951,867436,3960,3965,3902,3915.449951,3915.449951,251615,,,,,,,,,,,,,,20-07-2022,251615,867436
21-07-2022,2981,3084.949951,2981,3066.100098,3066.100098,1184060,3930,4059,3920.050049,4035.350098,4035.350098,587934,,,,,,,,,,,,,,21-07-2022,587934,1184060
22-07-2022,3066.100098,3092.75,3048,3067.399902,3067.399902,1268141,4070,4077.899902,3950,3963.399902,3963.399902,457904,,,,,,,,,,,,,,22-07-2022,457904,1268141
25-07-2022,3069.5,3117.199951,3051.649902,3104.949951,3104.949951,985844,3973,4050,3935,4040.050049,4040.050049,444451,,,,,,,,,,,,,,25-07-2022,444451,985844
26-07-2022,3096,3149.800049,3053,3108.5,3108.5,2876310,4038,4038,3909,3932.399902,3932.399902,430993,,,,,,,,,,,,,,26-07-2022,430993,2876310
27-07-2022,3118.949951,3193,3096,3186.050049,3186.050049,1976407,3940,4010,3920,4000.949951,4000.949951,245970,,,,,,,,,,,,,,27-07-2022,245970,1976407
28-07-2022,3198,3280,3182,3272.399902,3272.399902,1332572,4020,4164,4001,4147.799805,4147.799805,725281,,,,,,,,,,,,,,28-07-2022,725281,1332572
29-07-2022,3285.399902,3354.350098,3275,3333.75,3333.75,1836550,4215,4250,4183.450195,4243.850098,4243.850098,514745,,,,,,,,,,,,,,29-07-2022,514745,1836550
01-08-2022,3340.050049,3355,3314.5,3324.550049,3324.550049,1076122,4251.950195,4317,4246.5,4307.649902,4307.649902,399725,,,,,,,,,,,,,,01-08-2022,399725,1076122
02-08-2022,3331,3404.75,3325.600098,3396.149902,3396.149902,1650536,4306,4306,4235.049805,4259.100098,4259.100098,311279,,,,,,,,,,,,,,02-08-2022,311279,1650536
03-08-2022,3404,3448,3371.25,3439.649902,3439.649902,1169005,4251,4298,4180.100098,4253.149902,4253.149902,289000,,,,,,,,,,,,,,03-08-2022,289000,1169005
04-08-2022,3455,3476.949951,3410.899902,3460.5,3460.5,981434,4268,4314.899902,4175,4239.100098,4239.100098,593274,,,,,,,,,,,,,,04-08-2022,593274,981434
05-08-2022,3475,3491.949951,3451.550049,3473.899902,3473.899902,792478,4238,4295,4187.149902,4232.25,4232.25,528876,,,,,,,,,,,,,,05-08-2022,528876,792478
08-08-2022,3465,3476.949951,3436.550049,3458.449951,3458.449951,724644,4237.399902,4267.399902,4233,4250.049805,4250.049805,200014,,,,,,,,,,,,,,08-08-2022,200014,724644
10-08-2022,3441,3449.850098,3396,3411.649902,3411.649902,1089295,4250.049805,4278.950195,4219.850098,4250.700195,4250.700195,238239,,,,,,,,,,,,,,10-08-2022,238239,1089295
11-08-2022,3450,3477.949951,3390,3405.199951,3405.199951,1410533,4280,4295,4260,4274.850098,4274.850098,246094,,,,,,,,,,,,,,11-08-2022,246094,1410533
12-08-2022,3399,3434.800049,3383,3427.850098,3427.850098,548472,4274.850098,4387,4255,4336.700195,4336.700195,448303,,,,,,,,,,,,,,12-08-2022,448303,548472
16-08-2022,3470,3509.449951,3455.300049,3501,3501,911189,4355,4412,4350.549805,4402.100098,4402.100098,290414,,,,,,,,,,,,,,16-08-2022,290414,911189
17-08-2022,3517.949951,3545.649902,3504.600098,3523.699951,3523.699951,817912,4422,4438,4370,4398.649902,4398.649902,316826,,,,,,,,,,,,,,17-08-2022,316826,817912
18-08-2022,3525,3542.699951,3515.550049,3535.350098,3535.350098,599877,4425,4493.100098,4401.049805,4460.950195,4460.950195,468551,,,,,,,,,,,,,,18-08-2022,468551,599877
19-08-2022,3520,3538.5,3464,3482.550049,3482.550049,581829,4487,4523.5,4352.75,4382,4382,437762,,,,,,,,,,,,,,19-08-2022,437762,581829
22-08-2022,3462.100098,3485.550049,3333.199951,3349.75,3349.75,2336567,4371,4371,4231,4250.75,4250.75,330916,,,,,,,,,,,,,,22-08-2022,330916,2336567
23-08-2022,3333,3383.949951,3316.850098,3356.600098,3356.600098,831446,4195,4301,4170.549805,4256.950195,4256.950195,285843,,,,,,,,,,,,,,23-08-2022,285843,831446
24-08-2022,3339.600098,3385,3302,3378.850098,3378.850098,1182154,4269,4356,4266,4304.25,4304.25,270843,,,,,,,,,,,,,,24-08-2022,270843,1182154
25-08-2022,3375,3405.149902,3351.199951,3362.5,3362.5,615392,4339.899902,4394,4312.049805,4341.25,4341.25,246543,,,,,,,,,,,,,,25-08-2022,246543,615392
26-08-2022,3379.350098,3384.5,3305.649902,3323.550049,3323.550049,1384783,4384,4414.5,4370.049805,4409.649902,4409.649902,202948,,,,,,,,,,,,,,26-08-2022,202948,1384783
29-08-2022,3247,3348.350098,3236.699951,3343.25,3343.25,1031166,4270,4450,4270,4431.549805,4431.549805,352554,,,,,,,,,,,,,,29-08-2022,352554,1031166
30-08-2022,3331,3409.75,3331,3391.600098,3391.600098,1426459,4475,4550,4460.299805,4531.350098,4531.350098,426171,,,,,,,,,,,,,,30-08-2022,426171,1426459
01-09-2022,3315,3474.399902,3315,3446.550049,3446.550049,1417762,4494,4599.399902,4462,4565.850098,4565.850098,431835,,,,,,,,,,,,,,01-09-2022,431835,1417762
02-09-2022,3489,3489,3425,3431.050049,3431.050049,740821,4572.899902,4609,4511,4576.799805,4576.799805,268702,,,,,,,,,,,,,,02-09-2022,268702,740821
05-09-2022,3425.050049,3450,3405.550049,3424.800049,3424.800049,518438,4584.799805,4606.149902,4550,4577.450195,4577.450195,216543,,,,,,,,,,,,,,05-09-2022,216543,518438
06-09-2022,3420,3434.550049,3384,3406,3406,385028,4599,4603.950195,4531,4575,4575,97831,,,,,,,,,,,,,,06-09-2022,97831,385028
